{
	"Calibrations": [
		{
			"Lenses": [
				{
					"Camera Matrix": {
						"data": [
							1058.879420738901,
							0.0,
							691.4767225511823,
							0.0,
							1058.7144969831818,
							419.2211352835423,
							0.0,
							0.0,
							1.0
						],
						"dimensions": [
							3,
							3
						],
						"type": 6
					},
					"Distortion Coefficients": {
						"data": [
							0.031087880431878486,
							-0.019928284100069794,
							0.0,
							0.0,
							-0.025630549300104655
						],
						"dimensions": [
							1,
							5
						],
						"type": 6
					},
					"ROI": {
						"br": {
							"x": 1280,
							"y": 800
						},
						"tl": {
							"x": 0,
							"y": 0
						}
					},
					"Transform": {
						"rotation": {
							"x": 0.0,
							"y": 0.0,
							"z": 0.0
						},
						"translation": {
							"x": 0.0,
							"y": 0.0,
							"z": 0.0
						}
					}
				},
				{
					"Camera Matrix": {
						"data": [
							1049.548261885699,
							0.0,
							686.7578819635175,
							0.0,
							1049.2594196442633,
							406.2219386103063,
							0.0,
							0.0,
							1.0
						],
						"dimensions": [
							3,
							3
						],
						"type": 6
					},
					"Distortion Coefficients": {
						"data": [
							0.025284142217812958,
							-0.018027507713120103,
							0.0,
							0.0,
							-0.017464522752023707
						],
						"dimensions": [
							1,
							5
						],
						"type": 6
					},
					"ROI": {
						"br": {
							"x": 2560,
							"y": 800
						},
						"tl": {
							"x": 1280,
							"y": 0
						}
					},
					"Transform": {
						"rotation": {
							"x": 0.008239808237974098,
							"y": -0.006730948975277634,
							"z": 0.0007990869165377375
						},
						"translation": {
							"x": -0.05947849283658229,
							"y": -0.00036456762472601646,
							"z": -0.003516406547551819
						}
					}
				}
			],
			"Resolution": {
				"height": 800,
				"width": 2560
			}
		}
	],
	"Current Resolution": {
		"height": 800,
		"width": 2560
	}
}