{
	"Calibrations": [
		{
			"Lenses": [
				{
					"Camera Matrix": {
						"data": [
							1050.5177649800492,
							0.0,
							696.3024756544811,
							0.0,
							1051.0177222460145,
							418.27063792069345,
							0.0,
							0.0,
							1.0
						],
						"dimensions": [
							3,
							3
						],
						"type": 6
					},
					"Distortion Coefficients": {
						"data": [
							0.026190313521048503,
							-0.015026695699166339,
							0.0,
							0.0,
							-0.024468457066815913
						],
						"dimensions": [
							1,
							5
						],
						"type": 6
					},
					"ROI": {
						"br": {
							"x": 1280,
							"y": 800
						},
						"tl": {
							"x": 0,
							"y": 0
						}
					},
					"Transform": {
						"rotation": {
							"x": 0.0,
							"y": 0.0,
							"z": 0.0
						},
						"translation": {
							"x": 0.0,
							"y": 0.0,
							"z": 0.0
						}
					}
				},
				{
					"Camera Matrix": {
						"data": [
							1046.7263020244613,
							0.0,
							690.4211298710846,
							0.0,
							1047.127356397377,
							397.99331537375537,
							0.0,
							0.0,
							1.0
						],
						"dimensions": [
							3,
							3
						],
						"type": 6
					},
					"Distortion Coefficients": {
						"data": [
							0.019825300287239084,
							0.02718914865376434,
							0.0,
							0.0,
							-0.08789537226748285
						],
						"dimensions": [
							1,
							5
						],
						"type": 6
					},
					"ROI": {
						"br": {
							"x": 2560,
							"y": 800
						},
						"tl": {
							"x": 1280,
							"y": 0
						}
					},
					"Transform": {
						"rotation": {
							"x": 0.007719322527468435,
							"y": -0.010438041664080721,
							"z": 0.0009273558787247664
						},
						"translation": {
							"x": -0.06046865949750017,
							"y": -7.910562268315301e-05,
							"z": -0.00048196757816754387
						}
					}
				}
			],
			"Resolution": {
				"height": 800,
				"width": 2560
			}
		}
	],
	"Current Resolution": {
		"height": 800,
		"width": 2560
	}
}