{
	"Calibrations": [
		{
			"Lenses": [
				{
					"Camera Matrix": {
						"data": [
							885.09583573128,
							0.0,
							682.769813905427,
							0.0,
							885.5141537546685,
							423.5134224578665,
							0.0,
							0.0,
							1.0
						],
						"dimensions": [
							3,
							3
						],
						"type": 6
					},
					"Distortion Coefficients": {
						"data": [
							-0.4086260917649025,
							0.20044280001995388,
							0.0,
							0.0,
							-0.051725329675714825
						],
						"dimensions": [
							1,
							5
						],
						"type": 6
					},
					"ROI": {
						"br": {
							"x": 1280,
							"y": 800
						},
						"tl": {
							"x": 0,
							"y": 0
						}
					},
					"Transform": {
						"rotation": {
							"x": 0.0,
							"y": 0.0,
							"z": 0.0
						},
						"translation": {
							"x": 0.0,
							"y": 0.0,
							"z": 0.0
						}
					}
				},
				{
					"Camera Matrix": {
						"data": [
							883.1417355377218,
							0.0,
							671.596239820654,
							0.0,
							883.3247989754701,
							410.56607759604697,
							0.0,
							0.0,
							1.0
						],
						"dimensions": [
							3,
							3
						],
						"type": 6
					},
					"Distortion Coefficients": {
						"data": [
							-0.40192309941558657,
							0.18766822434024089,
							0.0,
							0.0,
							-0.04457760185909631
						],
						"dimensions": [
							1,
							5
						],
						"type": 6
					},
					"ROI": {
						"br": {
							"x": 2560,
							"y": 800
						},
						"tl": {
							"x": 1280,
							"y": 0
						}
					},
					"Transform": {
						"rotation": {
							"x": -0.0002768404242394873,
							"y": -0.005488805876215786,
							"z": 0.005068727131471224
						},
						"translation": {
							"x": -0.060161643464122165,
							"y": -0.0001237550301377755,
							"z": -0.0016066927551499554
						}
					}
				}
			],
			"Resolution": {
				"height": 800,
				"width": 2560
			}
		}
	],
	"Current Resolution": {
		"height": 800,
		"width": 2560
	}
}