{
	"Calibrations": [
		{
			"Want Undistortion" : false,
			"Undistortion Focal Length Divider" : 1.0,
			"Undistortion Resolution Multiplier" : 1.0,
			"Lenses": [
				{
					"Camera Matrix": {
						"data": [
							2187.826836505437,
							0.0,
							1942.7727391990181,
							0.0,
							2186.8819879383927,
							1467.6241091702652,
							0.0,
							0.0,
							1.0
						],
						"dimensions": [
							3,
							3
						],
						"type": 6
					},
					"Distortion Coefficients": {
						"data": [
							-0.18175341295801317,
							9.801052853183114,
							-0.0003711158865994829,
							-0.00040230064912971777,
							-0.4528958982319727,
							-0.2100776057887256,
							9.698056427966767,
							-0.2226743215086496,
							0.0,
							0.0,
							0.0,
							0.0,
							0.0,
							0.0
						],
						"dimensions": [
							1,
							14
						],
						"type": 6
					},
					"ROI": {
						"br": {
							"x": 3840,
							"y": 3032
						},
						"tl": {
							"x": 0,
							"y": 0
						}
					},
					"Transform": {
						"rotation": {
							"x": 0.0,
							"y": 0.0,
							"z": 0.0
						},
						"translation": {
							"x": 0.0,
							"y": 0.0,
							"z": 0.0
						}
					}
				}
			],
			"Resolution": {
				"height": 3032,
				"width": 3840
			}
		}
	],
	"Current Resolution": {
		"height": 3032,
		"width": 3840
	},
	"Monochrome" : false
}